decision,fraud_rate
DECLINE,0.6572753209700428
REVIEW,0.31697629724535553
APPROVE,0.10090892227787053
